<?xml version="1.0" encoding="UTF-8"?>
<project-private xmlns="http://www.netbeans.org/ns/project-private/1">
    <editor-bookmarks xmlns="http://www.netbeans.org/ns/editor-bookmarks/2" lastBookmarkId="0"/>
    <open-files xmlns="http://www.netbeans.org/ns/projectui-open-files/2">
        <group>
            <file>file:/E:/Roshan_kumar_projects/29marchGlassfishPro/BuyFootwear/web/Pages/ShowCategory.jsp</file>
            <file>file:/E:/Roshan_kumar_projects/29marchGlassfishPro/BuyFootwear/web/Pages/Home.jsp</file>
        </group>
    </open-files>
</project-private>
